<?xml version="1.0" encoding="UTF-8" standalone="yes"?>
<addon id="repository.dooseries" name="Dooseries XBMC Add-ons" version="1.0.0" provider-name="Nortitit">
	<extension point="xbmc.addon.repository" name="DooSeries XBMC Add-ons">
		<info compressed="false">https://raw.github.com/softmarae/Dooseries/master/addons.xml</info>
		<checksum>https://raw.github.com/softmarae/Dooseries/master/addons.xml.md5</checksum>
	</extension>
	<extension point="xbmc.addon.metadata">
		<summary>Install Add-ons from Dooseries Add-on Repository</summary>
		<description>Plug-ins for XBMC</description>
		<disclaimer>Add-ons that allow viewing TV Series on XBMC</disclaimer>
		<platform>all</platform>
	</extension>
</addon>
