<?xml version="1.0" encoding="UTF-8" standalone="yes"?>
<addons>
<addon id="plugin.video.dooseries"
       name="Dooseries"
       version="1.0.0"
       provider-name="Softmarae">
  <requires>
    <import addon="xbmc.python" version="2.1.0"/>
    <import addon="script.module.xbmcswift2" version="2.4.0"/>
    <import addon="script.module.beautifulsoup" version="3.0.8"/>
    <import addon="script.module.simple.downloader" version="1.9.4"/>
  </requires>
  <extension point="xbmc.python.pluginsource" library="addon.py">
    <provides>video</provides>
  </extension>
  <extension point="xbmc.addon.metadata">
    <platform>all</platform>
    <language></language>
    <summary lang="en">Dooseries</summary>
    <summary lang="th">Dooseries</summary>
    <description lang="en">This Plugin provides access to TV Series, and you can download it.</description>
    <description lang="th">>ปลั๊กอินนี้ทำไว้สำหรับดูซีรี่ส์, ภาพยนตร์, กีฬา, การ์ตูน ออนไลน์และสามารถดาวโหลดเก็บไว้ดูได้ด้วย </description>
  </extension>
</addon>
</addons>
